Nombre,Ciudad,Dirección,Teléfono,Sitio Web,Rating
Inmobiliaria María Inés Lledó,Mar del Plata,"Entre Ríos 1848, B7600 Mar del Plata, Provincia de Buenos Aires",0223 494-3828 ,http://www.inmobiliarialledo.com.ar/,"4,5 estrellas 145 reseñas"
Inmobiliaria en Mar del Plata - Berasueta Alquileres,Mar del Plata,0223 491-7371,No disponible,No disponible,"4,0 estrellas 103 reseñas"
Matías Sosa Broker Inmobiliario,Mar del Plata,0223 344-7092,No disponible,No disponible,"4,9 estrellas 229 reseñas"
Rey Propiedades Mar del Plata,Mar del Plata,0223 685-0505,No disponible,No disponible,"5,0 estrellas 15 reseñas"
Cecilia Martini Inmobiliaria,Mar del Plata,0223 456-5365,No disponible,No disponible,"4,9 estrellas 125 reseñas"
DEL VALLE estudio inmobiliario (reg 2886),Mar del Plata,0223 581-6622,No disponible,No disponible,"4,7 estrellas 273 reseñas"
Inmobiliaria Dal Molin,Mar del Plata,0223 525-4557,No disponible,No disponible,"4,9 estrellas 137 reseñas"
GAMA Inmobiliaria,Mar del Plata,0223 633-7766,No disponible,No disponible,"4,4 estrellas 88 reseñas"
Girard Propiedades,Mar del Plata,0223 495-5488,No disponible,No disponible,"4,2 estrellas 161 reseñas"
TORRES INMOBILIARIA,Mar del Plata,0223 519-1460,No disponible,No disponible,"4,9 estrellas 45 reseñas"
Sanz y Ordoqui Propiedades,Mar del Plata,0223 495-5574,No disponible,No disponible,"4,4 estrellas 321 reseñas"
Inmobiliaria Latorre Mar del Plata,Mar del Plata,0223 590-1529,No disponible,No disponible,"4,8 estrellas 97 reseñas"
Inmobiliaria del Cabo,Mar del Plata,0223 451-8329,No disponible,No disponible,"4,2 estrellas 40 reseñas"
Costa Galli Propiedades .,Mar del Plata,0223 620-2492,No disponible,No disponible,"4,5 estrellas 30 reseñas"
Costa Azul Propiedades,Mar del Plata,0223 473-1224,No disponible,No disponible,"4,3 estrellas 46 reseñas"
Gonnet Propiedades,Mar del Plata,0223 15-520-5046,No disponible,No disponible,"3,8 estrellas 190 reseñas"
Napolitano Inmobiliaria,Mar del Plata,0223 699-9826,No disponible,No disponible,"4,8 estrellas 127 reseñas"
Jorge J. Bianchi Inmobiliaria,Mar del Plata,0223 560-9937,No disponible,No disponible,"4,7 estrellas 168 reseñas"
Inmobiliaria Dante,Mar del Plata,0223 472-7300,No disponible,No disponible,"4,2 estrellas 149 reseñas"
Nizzi Propiedades,Mar del Plata,0223 451-1861,No disponible,No disponible,"4,9 estrellas 189 reseñas"
Alfar Sol y Mar CASAS,Mar del Plata,011 6953-6816,No disponible,No disponible,"4,7 estrellas 52 reseñas"
Alem Platz,Mar del Plata,3344 Leandro N. Alem,No disponible,No disponible,"4,8 estrellas 90 reseñas"
Valencia Consultores Inmobiliarios,Mar del Plata,0223 494-1230,No disponible,No disponible,"4,5 estrellas 75 reseñas"
Inmobiliaria Robles Casas & Campos Mar del Plata,Mar del Plata,0223 486-2666,No disponible,No disponible,"4,1 estrellas 155 reseñas"
Salvatto Inmobiliaria,Mar del Plata,0223 485-1202,No disponible,No disponible,"4,3 estrellas 163 reseñas"
Nuncio Salerno Propiedades,Mar del Plata,0223 451-1337,No disponible,No disponible,"4,8 estrellas 62 reseñas"
Inmobiliaria LEO,Mar del Plata,0223 485-0700,No disponible,No disponible,"4,6 estrellas 97 reseñas"
Homes and Land,Mar del Plata,0223 580-0655,No disponible,No disponible,"4,6 estrellas 91 reseñas"
RUGER NEGOCIOS INMOBILIARIOS,Mar del Plata,0223 506-1268,No disponible,No disponible,"4,4 estrellas 51 reseñas"
Manzo Inmobiliarias,Mar del Plata,0223 687-2575,No disponible,No disponible,"4,4 estrellas 40 reseñas"
Dardo Propiedades,Mar del Plata,0223 494-2492,No disponible,No disponible,"4,1 estrellas 42 reseñas"
Introcaso Propiedades,Mar del Plata,0223 491-3170,No disponible,No disponible,"4,6 estrellas 211 reseñas"
Cabrera Propiedades,Mar del Plata,0223 491-1276,No disponible,No disponible,"4,2 estrellas 101 reseñas"
Inmobiliaria Marino Pérez,Mar del Plata,0223 479-4192,No disponible,No disponible,"4,4 estrellas 72 reseñas"
Del Rosso & Asociados,Mar del Plata,0223 492-3664,No disponible,No disponible,"4,2 estrellas 66 reseñas"
Eduardo M. Villarreal Propiedades,Mar del Plata,0223 492-1414,No disponible,No disponible,"4,6 estrellas 15 reseñas"
Erne Propiedades,Mar del Plata,"""100% recomendable, se cumplió con todo y más.""",No disponible,No disponible,"4,4 estrellas 59 reseñas"
Raúl Hidalgo Inmobiliaria,Mar del Plata,0223 451-0596,No disponible,No disponible,"3,7 estrellas 54 reseñas"
Lorini Abraham Propiedades,Mar del Plata,Córdoba 2277,No disponible,No disponible,"4,7 estrellas 35 reseñas"
Inmobiliaria Carlos Lucas,Mar del Plata,0223 484-2193,No disponible,No disponible,"3,9 estrellas 18 reseñas"
Filippini Propiedades,Mar del Plata,0223 489-2722,No disponible,No disponible,"4,6 estrellas 73 reseñas"
Inmobiliaria A. Saraví,Mar del Plata,0223 491-2636,No disponible,No disponible,"4,0 estrellas 23 reseñas"
Alfar Sol y Mar CASAS,Mar del Plata,011 6953-6816,No disponible,No disponible,"4,7 estrellas 52 reseñas"
Vista a Mogotes,Mar del Plata,011 3514-1435,No disponible,No disponible,"4,6 estrellas 19 reseñas"
Coste y Freuler Inmobiliaria,Mar del Plata,0223 491-6776,No disponible,No disponible,"3,3 estrellas 24 reseñas"
Estudio Uno Propiedades,Mar del Plata,0223 495-7051,No disponible,No disponible,"4,2 estrellas 346 reseñas"
Jorge Urrizaga Propiedades,Mar del Plata,0223 493-0068,No disponible,No disponible,"4,5 estrellas 91 reseñas"
Arbini Propiedades,Mar del Plata,0223 15-511-0358,No disponible,No disponible,"4,9 estrellas 155 reseñas"
Grupo Garcia S.R.L,Mar del Plata,0223 304-1586,No disponible,No disponible,"4,8 estrellas 140 reseñas"
Donsini Inmobiliaria,Mar del Plata,0223 484-0584,No disponible,No disponible,"4,1 estrellas 38 reseñas"
Victoria Mezzina - Tu aliada inmobiliaria en Tandil,Tandil,"Constitución 443, C7000 Tandil, Provincia de Buenos Aires",0249 456-5310 ,https://inmobiliariamezzina.com.ar/,"4,9 estrellas 62 reseñas"
Inmobiliaria Joana Rodríguez,Tandil,0249 15-421-8253,No disponible,No disponible,"4,9 estrellas 72 reseñas"
Inmobiliaria Alewaerts,Tandil,0249 444-8925,No disponible,No disponible,"4,4 estrellas 67 reseñas"
Estudio Inmobiliario de Galvagni - Diaz,Tandil,0249 444-9550,No disponible,No disponible,"4,2 estrellas 43 reseñas"
Inmobiliaria Jacqueline Gubitosi,Tandil,0249 443-1258,No disponible,No disponible,"4,5 estrellas 65 reseñas"
Inmobiliaria Emilio F. Rodriguez,Tandil,0249 444-3977,No disponible,No disponible,"4,1 estrellas 73 reseñas"
Gorostidi Inmobiliaria,Tandil,0249 461-9966,No disponible,No disponible,"4,3 estrellas 63 reseñas"
Favre Propiedades,Tandil,0249 15-430-7220,No disponible,No disponible,"4,3 estrellas 43 reseñas"
Romina Sasson Inmobiliaria,Tandil,0249 15-446-8530,No disponible,No disponible,"4,1 estrellas 63 reseñas"
Alejandra Ferreiro Propiedades,Tandil,0249 463-0281,No disponible,No disponible,"4,9 estrellas 14 reseñas"
Inmobiliaria Etcheber,Tandil,0249 442-5079,No disponible,No disponible,"4,2 estrellas 23 reseñas"
Inmobiliaria Vivas,Tandil, · Abre a las 10:30 a. m. del jue,No disponible,No disponible,"3,5 estrellas 15 reseñas"
Horacio Romeo Propiedades,Tandil,0249 459-0612,No disponible,No disponible,"4,5 estrellas 24 reseñas"
Propiedades Norte,Tandil,0249 444-5504,No disponible,No disponible,"4,5 estrellas 15 reseñas"
Estudio Inmobiliario Lucía Frolik,Tandil,0249 443-6547,No disponible,No disponible,"3,8 estrellas 30 reseñas"
Inmobiliaria Luciano Olivera,Tandil,0249 457-7881,No disponible,No disponible,"5,0 estrellas 17 reseñas"
Asin Propiedades,Tandil,0249 15-466-8507,No disponible,No disponible,"5,0 estrellas 21 reseñas"
Gentile Acosta Inmobiliaria,Tandil,0249 15-431-7350,No disponible,No disponible,"4,1 estrellas 21 reseñas"
Inmobiliaria Carlos Fanucchi,Tandil,0249 461-3756,No disponible,No disponible,"5,0 estrellas 3 reseñas"
Inmobiliaria Magali Gorostidi,Tandil,0249 15-447-5102,No disponible,No disponible,"4,0 estrellas 22 reseñas"
Propiedades Norte,Tandil,0249 444-5504,No disponible,No disponible,"4,5 estrellas 15 reseñas"
Inmobiliaria Terni Lucero,Tandil,0249 442-5366,No disponible,No disponible,"4,3 estrellas 19 reseñas"
Gentile Acosta Inmobiliaria,Tandil,0249 15-431-7350,No disponible,No disponible,"4,1 estrellas 21 reseñas"
Inmobiliaria Magali Gorostidi,Tandil,0249 15-447-5102,No disponible,No disponible,"4,0 estrellas 22 reseñas"
Inmobiliaria Vulcano,Tandil,0249 442-3967,No disponible,No disponible,"4,2 estrellas 12 reseñas"
Inmobiliaria Luciano Olivera,Tandil,0249 457-7881,No disponible,No disponible,"5,0 estrellas 17 reseñas"
Asin Propiedades,Tandil,0249 15-466-8507,No disponible,No disponible,"5,0 estrellas 21 reseñas"
Alejandra Ferreiro Propiedades,Tandil,0249 463-0281,No disponible,No disponible,"4,9 estrellas 14 reseñas"
SV Inmobiliaria,Tandil,0249 15-427-0368,No disponible,No disponible,"4,3 estrellas 6 reseñas"
Juan I. Pagliaro Propiedades,Tandil,0249 450-0870,No disponible,No disponible,"3,9 estrellas 47 reseñas"
Inmobiliaria Ferrari Raúl,Tandil,0249 464-1066,No disponible,No disponible,"4,1 estrellas 22 reseñas"
Karina Bujacich Inmobiliaria,Tandil,0249 460-3040,No disponible,No disponible,"4,2 estrellas 16 reseñas"
Cardinale Propiedades,Tandil,0249 434-0685,No disponible,No disponible,"4,8 estrellas 21 reseñas"
DEPARTAMENTOS EL FARO,Tandil,0221 545-5222,No disponible,No disponible,"4,6 estrellas 12 reseñas"
Inmobiliaria Julio C. Zuasnabar,Tandil,0249 444-8000,No disponible,No disponible,"3,7 estrellas 12 reseñas"
Inmobiliaria de Galvagni Gregori,Tandil, · Abre a las 8:30 a. m. del jue,No disponible,No disponible,"5,0 estrellas 1 reseñas"
Inmobiliaria Ignacio Escuza,Tandil,0249 15-446-9613,No disponible,No disponible,"5,0 estrellas 6 reseñas"
Müller Propiedades,Tandil,Abierto las 24 horas,No disponible,No disponible,"4,4 estrellas 14 reseñas"
SINERGIA MAX,Tandil,0249 15-454-7945,No disponible,No disponible,"4,0 estrellas 11 reseñas"
Gabriela Alvarez,Tandil,0249 460-3711,No disponible,No disponible,"3,6 estrellas 14 reseñas"
Inmobiliaria Carina Tripiana,Tandil,0249 464-2883,No disponible,No disponible,"5,0 estrellas 6 reseñas"
Inmobiliaria Carina Tripiana,Tandil,0249 464-2883,No disponible,No disponible,"5,0 estrellas 6 reseñas"
Sara Errasti Inmobiliaria,Tandil,0249 460-8878,No disponible,No disponible,"3,7 estrellas 20 reseñas"
Ajuria Javier Propiedades,Tandil,0249 463-3117,No disponible,No disponible,"4,3 estrellas 16 reseñas"
Higuera Bienes Raíces,Tandil,0249 15-427-0025,No disponible,No disponible,"5,0 estrellas 12 reseñas"
Del Cerro Bienes Raíces,Tandil,0249 15-432-7612,No disponible,No disponible,"4,3 estrellas 12 reseñas"
Crosetti Propiedades,Tandil,0249 442-2604,No disponible,No disponible,"4,3 estrellas 19 reseñas"
Vilanova Propiedades,Tandil,0249 423-1265,No disponible,No disponible,"4,3 estrellas 17 reseñas"
Belén Blois Estudio Inmobiliario,Tandil,0249 468-1897,No disponible,No disponible,"4,8 estrellas 4 reseñas"
INMOBILIARIA LANDIVAR HORACIO,Tandil,0249 433-8842,No disponible,No disponible,"4,9 estrellas 9 reseñas"
Central Inmobiliaria,Necochea,"Av. 2, Villa Díaz Vélez 4126, B7630 Necochea, Provincia de Buenos Aires",02262 62-1754 ,No disponible,"4,3 estrellas 49 reseñas"
Inmobiliaria Chiocchetti,Necochea,02262 52-6328,No disponible,No disponible,"4,3 estrellas 75 reseñas"
NUÑEZ Inmobiliaria,Necochea,02262 40-8485,No disponible,No disponible,"4,0 estrellas 43 reseñas"
Atlantica Inmobiliaria,Necochea,02262 43-5446,No disponible,No disponible,"4,1 estrellas 83 reseñas"
Mario Presa - Diagonal Inmobiliaria,Necochea,02262 49-2222,No disponible,No disponible,"4,7 estrellas 64 reseñas"
Inmobiliaria Marcos Necochea,Necochea,02262 15-51-3393,No disponible,No disponible,"4,6 estrellas 32 reseñas"
Inmobiliaria Oscar Perez Propiedades Ventas- Alq. de Verano,Necochea,02262 52-3113,No disponible,No disponible,"4,3 estrellas 67 reseñas"
Marina Barbieri Propiedades,Necochea,02262 46-8701,No disponible,No disponible,"4,7 estrellas 80 reseñas"
Estudio Inmobiliario Sarasibar,Necochea,02262 33-9050,No disponible,No disponible,"4,6 estrellas 74 reseñas"
Departamentos Sol y Mar,Necochea,02262 60-0111,No disponible,No disponible,"5,0 estrellas 53 reseñas"
Hernando Inmobiliaria,Necochea,02262 49-8041,No disponible,No disponible,"4,2 estrellas 26 reseñas"
Inmobiliaria Crystal,Necochea,02262 42-2663,No disponible,No disponible,"3,8 estrellas 24 reseñas"
Arrate Estudio Inmobiliario,Necochea,02262 62-2380,No disponible,No disponible,"4,9 estrellas 20 reseñas"
VivirBien-Alojamientos Necochea,Necochea,02262 61-4383,No disponible,No disponible,"4,7 estrellas 194 reseñas"
Inmobiliaria Marmol de Norberto C Marmol,Necochea,02262 42-6311,No disponible,No disponible,"4,3 estrellas 8 reseñas"
Mariana Zubillaga,Necochea,02262 51-6633,No disponible,No disponible,"3,6 estrellas 12 reseñas"
RIOLFFI PROPIEDADES,Necochea,02262 43-9653,No disponible,No disponible,"4,5 estrellas 8 reseñas"
Inmobiliaria Massa Propiedades Alquileres Ventas Administración Tasaciones,Necochea,02262 35-8617,No disponible,No disponible,"4,6 estrellas 22 reseñas"
Inmobiliaria Claudia Lattour,Necochea,02262 50-3862,No disponible,No disponible,"4,8 estrellas 9 reseñas"
Ciudad Maritima Edificio,Necochea,No disponible,No disponible,No disponible,"4,3 estrellas 79 reseñas"
VivirBien-Alojamientos Necochea,Necochea,02262 61-4383,No disponible,No disponible,"4,7 estrellas 194 reseñas"
VivirBien-Alojamientos Necochea,Necochea,02262 61-4383,No disponible,No disponible,"4,7 estrellas 194 reseñas"
Mariana Zubillaga,Necochea,02262 51-6633,No disponible,No disponible,"3,6 estrellas 12 reseñas"
VivirBien-Alojamientos Necochea,Necochea,02262 61-4383,No disponible,No disponible,"4,7 estrellas 194 reseñas"
Inmobiliaria Luis M Beldarrain,Necochea,02262 43-2305,No disponible,No disponible,"4,5 estrellas 8 reseñas"
Mariana Ortega - Estudio Inmobiliario,Necochea,02262 57-9622,No disponible,No disponible,"3,5 estrellas 11 reseñas"
Marcelo Bustos Negocios Inmobiliarios,Necochea,02262 45-3173,No disponible,No disponible,"4,3 estrellas 7 reseñas"
Inmobiliaria Maria de Los Angeles Haberle,Necochea,02262 15-50-1033,No disponible,No disponible,"4,2 estrellas 5 reseñas"
Inmobiliaria Raimondi - alquileres por día,Necochea,02262 55-7870,No disponible,No disponible,"3,8 estrellas 16 reseñas"
Duplex NECOCHEA,Necochea,02262 54-7086,No disponible,No disponible,"4,5 estrellas 11 reseñas"
Alquiler Temporario ANecochea.com,Necochea,"""La atención de los dueños 10 puntos,muy recomendable.""",No disponible,No disponible,"4,9 estrellas 78 reseñas"
Inmobiliaria Lluna,Necochea,02262 42-3560,No disponible,No disponible,"4,0 estrellas 2 reseñas"
Romina Casal Estudio Inmobiliario,Necochea,02262 64-6695,No disponible,No disponible,"5,0 estrellas 4 reseñas"
Mauricio García Negocios Inmobiliarios,Necochea,02262 62-4391,No disponible,No disponible,"5,0 estrellas 10 reseñas"
inmobiliaria Lilian pose,Necochea,02262 35-7526,No disponible,No disponible,"5,0 estrellas 6 reseñas"
RIOLFFI PROPIEDADES,Necochea,02262 43-9653,No disponible,No disponible,"4,5 estrellas 8 reseñas"
Jorge Balinotti,Necochea,02262 42-5908,No disponible,No disponible,"4,7 estrellas 7 reseñas"
Luján Presa Inmobiliaria,Necochea,02262 46-6677,No disponible,No disponible,"5,0 estrellas 2 reseñas"
Rumi Propiedades,Necochea,02262 30-3990,No disponible,No disponible,"5,0 estrellas 1 reseñas"
García Duffy Propiedades. Inmobiliaria.,Necochea,02262 52-3949,No disponible,No disponible,"5,0 estrellas 1 reseñas"
Inmobiliaria Colombo Propiedades,Necochea,02262 15-56-0850,No disponible,No disponible,Sin rating
"Departamento Frente Al Mar, Necochea.",Necochea,"BYT, Av. 2 3940",No disponible,No disponible,"4,6 estrellas 28 reseñas"
Melisa Schwab Inmobiliaria,Olavarría,"Gral. Paz 2888, B7400 Olavarría, Provincia de Buenos Aires",02284 35-5955 ,http://www.melisaschwabinmobiliaria.com.ar/,"4,6 estrellas 44 reseñas"
Daniel Ditz,Olavarría,02284 41-9090,No disponible,No disponible,"4,5 estrellas 71 reseñas"
Pablo Coniglio Inmobiliaria,Olavarría,02284 41-9080,No disponible,No disponible,"4,7 estrellas 23 reseñas"
Notararigo Inmobiliaria,Olavarría,02284 42-5976,No disponible,No disponible,"4,4 estrellas 63 reseñas"
Inmobiliaria Di Salvo,Olavarría,02284 60-5026,No disponible,No disponible,"4,3 estrellas 31 reseñas"
Alloggia Propiedades,Olavarría, · Abre a las 9 a. m. del jue,No disponible,No disponible,"4,0 estrellas 50 reseñas"
Inmobiliaria Vaccaro,Olavarría, · Abre a las 8 a. m. del jue,No disponible,No disponible,"4,4 estrellas 51 reseñas"
Inmobiliaria Eiriz,Olavarría,"""Excelente atención llevo 4 años alquilando con ellos, son muy amables.""",No disponible,No disponible,"4,3 estrellas 17 reseñas"
Inmobiliaria Offidani-Guido,Olavarría,02284 41-9933,No disponible,No disponible,"4,5 estrellas 10 reseñas"
Inmobiliaria Adala,Olavarría,02284 42-2358,No disponible,No disponible,"4,7 estrellas 20 reseñas"
Saez Mauro Inmobiliaria,Olavarría,"""Recomendada 100%""",No disponible,No disponible,"4,5 estrellas 29 reseñas"
Inmobiliaria R. Bidart,Olavarría,02284 44-0420,No disponible,No disponible,"4,6 estrellas 11 reseñas"
Nogal Propiedades,Olavarría,02284 44-0763,No disponible,No disponible,"4,4 estrellas 16 reseñas"
Ciarpella Bienes Raices,Olavarría,02284 41-2402,No disponible,No disponible,"4,4 estrellas 17 reseñas"
Alvano Propiedades,Olavarría,Cnel. Suárez 3000-3098,No disponible,No disponible,"4,9 estrellas 14 reseñas"
Nicolas Zaffora propiedades,Olavarría,02284 41-0910,No disponible,No disponible,"4,9 estrellas 16 reseñas"
Millennium Propiedades,Olavarría,02284 66-4941,No disponible,No disponible,"4,3 estrellas 22 reseñas"
Paula Anaya Negocios Inmobiliarios,Olavarría,02983 51-1557,No disponible,No disponible,"5,0 estrellas 3 reseñas"
Inmobiliaria Bb-en,Olavarría,02284 41-4553,No disponible,No disponible,"3,5 estrellas 46 reseñas"
OLAVAPROP Inmobiliarias,Olavarría,02284 15-56-1606,No disponible,No disponible,"4,0 estrellas 23 reseñas"
Ciarpella Bienes Raices,Olavarría,02284 41-2402,No disponible,No disponible,"4,4 estrellas 17 reseñas"
Beluardi Negocios Inmobiliarios,Olavarría,02284 74-0004,No disponible,No disponible,"5,0 estrellas 11 reseñas"
Capuano Propiedades,Olavarría,02284 41-0986,No disponible,No disponible,"4,3 estrellas 24 reseñas"
Buscarini Inmobiliaria,Olavarría,02284 41-1005,No disponible,No disponible,"4,1 estrellas 19 reseñas"
Inmobiliaria Coniglio,Olavarría,02284 48-5959,No disponible,No disponible,"4,4 estrellas 9 reseñas"
Paula Anaya Negocios Inmobiliarios,Olavarría,02983 51-1557,No disponible,No disponible,"5,0 estrellas 3 reseñas"
Inmobiliaria Juan A. Ilarraz Propiedades,Olavarría,02284 42-1570,No disponible,No disponible,"3,7 estrellas 20 reseñas"
Liste Propiedades,Olavarría, · Abre a las 9 a. m. del jue,No disponible,No disponible,"4,7 estrellas 3 reseñas"
Inmobiliaria Andrea Steinberg,Olavarría,02284 15-68-7004,No disponible,No disponible,"5,0 estrellas 1 reseñas"
Inmobiliaria Gónzalez,Olavarría,02284 42-5617,No disponible,No disponible,"4,0 estrellas 4 reseñas"
Llorente & Paz Inmobiliaria,Olavarría,02284 15-58-4666,No disponible,No disponible,"3,9 estrellas 10 reseñas"
Inmobiliaria Roark,Olavarría,02284 42-5573,No disponible,No disponible,"4,2 estrellas 17 reseñas"
Horacio Guerras Negocios Inmobiliarios,Olavarría,02284 41-0310,No disponible,No disponible,"5,0 estrellas 10 reseñas"
Castarés Propiedades,Olavarría,"""10 años alquilado con Aldo Castres.""",No disponible,No disponible,"5,0 estrellas 4 reseñas"
Matias Ale Propiedades,Olavarría,02284 56-1450,No disponible,No disponible,"4,7 estrellas 7 reseñas"
Zucchiatti Propiedades,Olavarría,02284 15-35-3942,No disponible,No disponible,"4,0 estrellas 5 reseñas"
Bellomo Inmobiliaria,Olavarría,02284 41-5007,No disponible,No disponible,"4,7 estrellas 3 reseñas"
Carmelo Vargas Inmobiliaria,Olavarría,02284 15-26-9850,No disponible,No disponible,"5,0 estrellas 1 reseñas"
ACUÑA | INMOBILIARIA,Olavarría,02284 15-68-9009,No disponible,No disponible,"5,0 estrellas 14 reseñas"
Bernardo Erro Inmobiliaria,Olavarría,02284 35-7733,No disponible,No disponible,Sin rating
Apart Olavarría,Olavarría,02284 52-0397,No disponible,No disponible,Sin rating
Inmobiliaria D'alessandro Mazzoni,Olavarría,02284 41-6888,No disponible,No disponible,"3,9 estrellas 7 reseñas"
Cominotto Gestiones Inmobiliarias,Olavarría,02284 59-5059,No disponible,No disponible,"5,0 estrellas 4 reseñas"
Horizonte Propiedades,Olavarría,02284 41-8287,No disponible,No disponible,"3,0 estrellas 3 reseñas"
LEONARDO GRAF INMOBILIARIA,Olavarría,02284 22-4338,No disponible,No disponible,"5,0 estrellas 1 reseñas"
Susana Iturralde Propiedades,Olavarría,02284 30-5250,No disponible,No disponible,"5,0 estrellas 1 reseñas"
Alejandro Mañandes Asesor Inmobiliario,Olavarría,02284 57-4556,No disponible,No disponible,"5,0 estrellas 2 reseñas"
Natalia López Osornio - Propiedades,Olavarría,02284 15-71-0211,No disponible,No disponible,"5,0 estrellas 1 reseñas"
Inmobiliaria Ressia,Olavarría,Alvaro Barros 3369,No disponible,No disponible,"5,0 estrellas 3 reseñas"
Inmobiliaria Máspero,Olavarría,02284 15-62-0701,No disponible,No disponible,"4,0 estrellas 4 reseñas"
Silvina Hill Propiedades,San Miguel de Tucumán,"Marcos Paz 873, T4000 San Miguel de Tucumán, Tucumán",0381 319-9774 ,http://www.silvinahillpropiedades.com.ar/,"4,9 estrellas 328 reseñas"
Westphal Inmobiliaria - Tucumán,San Miguel de Tucumán,0381 544-4763,No disponible,No disponible,"4,9 estrellas 104 reseñas"
Ditinis inmobiliaria,San Miguel de Tucumán,0381 534-1969,No disponible,No disponible,"4,9 estrellas 97 reseñas"
Elgart Propiedades,San Miguel de Tucumán, · 430-5500,No disponible,No disponible,"4,0 estrellas 164 reseñas"
Menhires Inmobiliaria,San Miguel de Tucumán,0381 421-6633,No disponible,No disponible,"3,3 estrellas 109 reseñas"
Global Propiedades,San Miguel de Tucumán,0381 537-3663,No disponible,No disponible,"5,0 estrellas 31 reseñas"
FG INMOBILIARIA,San Miguel de Tucumán,0381 688-2603,No disponible,No disponible,"4,5 estrellas 41 reseñas"
Ostengo Inmobiliaria,San Miguel de Tucumán,"""Muy buena atención recomendable 100%""",No disponible,No disponible,"3,0 estrellas 145 reseñas"
Tucumán Propiedades,San Miguel de Tucumán,0381 424-4677,No disponible,No disponible,"3,8 estrellas 21 reseñas"
Wainer Asesores Inmobiliarios,San Miguel de Tucumán, · Abre a las 8 a. m. del jue,No disponible,No disponible,"3,7 estrellas 37 reseñas"
Warner Bienes Raices,San Miguel de Tucumán,0381 206-7792,No disponible,No disponible,"4,7 estrellas 60 reseñas"
"Guzmán & Guzmán, Inmobiliaria, Constructora y Financiados",San Miguel de Tucumán,0381 421-0224,No disponible,No disponible,"3,5 estrellas 68 reseñas"
Bunader Negocios Inmobiliarios,San Miguel de Tucumán,0381 424-3087,No disponible,No disponible,"4,3 estrellas 75 reseñas"
Inmobiliaria Ing. Pérez Jaime S.R.L Propiedades,San Miguel de Tucumán,0381 421-5842,No disponible,No disponible,"4,1 estrellas 169 reseñas"
Marcelo Garcia Propiedades,San Miguel de Tucumán,0381 430-5692,No disponible,No disponible,"4,6 estrellas 43 reseñas"
saldo móvil,San Miguel de Tucumán,Abierto las 24 horas,No disponible,No disponible,"4,0 estrellas 576 reseñas"
Master,San Miguel de Tucumán,0381 421-8043,No disponible,No disponible,"3,5 estrellas 88 reseñas"
Inmobiliaria Schilman,San Miguel de Tucumán,0381 422-4488,No disponible,No disponible,"3,7 estrellas 100 reseñas"
Inmobiliaria Porta,San Miguel de Tucumán,0381 563-3443,No disponible,No disponible,"3,9 estrellas 44 reseñas"
Labastida Inmobiliaria,San Miguel de Tucumán,0381 645-9898,No disponible,No disponible,"4,0 estrellas 32 reseñas"
Sensa Inmobiliaria & Constructora,San Miguel de Tucumán, · Abre a las 9 a. m. del jue,No disponible,No disponible,"4,8 estrellas 33 reseñas"
J FERULLO INMOBILIARIA,San Miguel de Tucumán,0381 422-7002,No disponible,No disponible,"4,6 estrellas 14 reseñas"
Lamelas & Chaumont - Inmobiliaria y Construcción,San Miguel de Tucumán,0381 231-0357,No disponible,No disponible,"3,9 estrellas 43 reseñas"
Labastida Inmobiliaria,San Miguel de Tucumán,0381 645-9898,No disponible,No disponible,"4,0 estrellas 32 reseñas"
Feler Brokers Inmobiliarios,San Miguel de Tucumán,0381 430-2020,No disponible,No disponible,"4,0 estrellas 53 reseñas"
Group Inmobiliaria,San Miguel de Tucumán,0381 467-0607,No disponible,No disponible,"5,0 estrellas 17 reseñas"
City Propiedades,San Miguel de Tucumán,0381 424-4265,No disponible,No disponible,"4,0 estrellas 13 reseñas"
Arq. Daniel Ruíz Propiedades,San Miguel de Tucumán,0381 443-2635,No disponible,No disponible,"3,1 estrellas 48 reseñas"
Inmobiliaria Verónica Barbero,San Miguel de Tucumán,0381 502-2266,No disponible,No disponible,"4,0 estrellas 29 reseñas"
REGISTRO INMOBILIARIO TUCUMÁN,San Miguel de Tucumán,0381 364-4405,No disponible,No disponible,"3,6 estrellas 90 reseñas"
Acotto y Asociados,San Miguel de Tucumán,0381 422-7969,No disponible,No disponible,"3,7 estrellas 44 reseñas"
Bono Inmobiliaria • Magli Estudio Jurídico,San Miguel de Tucumán,"""Gente muy confiable, asesoramiento al 100% siempre buscando soluciones.""",No disponible,No disponible,"5,0 estrellas 23 reseñas"
Inmobiliaria del Jardín,San Miguel de Tucumán,0381 423-6959,No disponible,No disponible,"2,5 estrellas 4 reseñas"
Varela Inmobiliaria,San Miguel de Tucumán,0381 207-5108,No disponible,No disponible,"5,0 estrellas 6 reseñas"
Fortaleza Negocios Inmobiliarios,San Miguel de Tucumán,0381 424-7585,No disponible,No disponible,"3,6 estrellas 18 reseñas"
RUGGMA PROPIEDADES,San Miguel de Tucumán,0381 594-9511,No disponible,No disponible,"4,3 estrellas 11 reseñas"
Leader House,San Miguel de Tucumán,0381 431-2120,No disponible,No disponible,"3,4 estrellas 19 reseñas"
VARELA RUDYK INMOBILIARIA,San Miguel de Tucumán,0381 217-3638,No disponible,No disponible,"5,0 estrellas 4 reseñas"
Ciudad Inmobiliaria e Inversiones,San Miguel de Tucumán,0800-220-2483,No disponible,No disponible,"4,7 estrellas 14 reseñas"
EL ARCO - Desarrollos y Emprendimientos Inmobiliarios - Deptos en Pozo,San Miguel de Tucumán,0381 420-5409,No disponible,No disponible,"4,7 estrellas 72 reseñas"
Bbm Emprendimientos Inmobiliarios,San Miguel de Tucumán,0381 554-1263,No disponible,No disponible,"3,9 estrellas 17 reseñas"
Darío Elgart Negocios Inmobiliarios,San Miguel de Tucumán,0381 217-1728,No disponible,No disponible,"4,8 estrellas 59 reseñas"
Alliance to grow,San Miguel de Tucumán,0381 416-1024,No disponible,No disponible,"5,0 estrellas 28 reseñas"
Parthenon Inmobiliaria,San Miguel de Tucumán,0381 690-4425,No disponible,No disponible,"4,1 estrellas 9 reseñas"
Umbral Inmobiliaria,San Miguel de Tucumán,0381 532-5235,No disponible,No disponible,"5,0 estrellas 1 reseñas"
Martin Senco Inmobiliaria,San Miguel de Tucumán,0381 644-4886,No disponible,No disponible,"4,2 estrellas 11 reseñas"
Inmobiliaria Stagnetto,San Miguel de Tucumán,0381 430-1226,No disponible,No disponible,"3,8 estrellas 13 reseñas"
Bienes Raíces Inmobiliaria E.Palacios,San Miguel de Tucumán,0381 430-9610,No disponible,No disponible,"4,3 estrellas 25 reseñas"
Arbor Propiedades,San Miguel de Tucumán,0381 15-342-6885,No disponible,No disponible,"5,0 estrellas 1 reseñas"
Inmobiliaria Magnus,San Miguel de Tucumán,0381 15-474-7562,No disponible,No disponible,"5,0 estrellas 2 reseñas"
Rebolledo Inmobiliaria,Neuquén,"""Recomendable  100/100 muy buena predisposición""",No disponible,No disponible,"4,7 estrellas 337 reseñas"
Red Inmobiliaria Neuquen,Neuquén,0299 482-3353,No disponible,No disponible,"4,8 estrellas 564 reseñas"
Carina Gonzalez servicios inmobiliarios,Neuquén,0299 604-5384,No disponible,No disponible,"4,8 estrellas 250 reseñas"
GAIA INMOBILIARIA NEUQUÉN,Neuquén,0299 15-577-0913,No disponible,No disponible,"4,8 estrellas 66 reseñas"
Inmobiliaria Premium Multiservicios S.A.,Neuquén,0299 423-8049,No disponible,No disponible,"4,4 estrellas 89 reseñas"
Dreams Inmobiliaria,Neuquén,0299 629-4381,No disponible,No disponible,"4,6 estrellas 35 reseñas"
"Grupo Dahir - Constructora, Desarrolladora e Inmobiliaria en Neuquén y Rio Negro",Neuquén,0299 472-6989,No disponible,No disponible,"4,5 estrellas 133 reseñas"
Marceca Bienes Raices,Neuquén,0299 566-2274,No disponible,No disponible,"4,7 estrellas 40 reseñas"
Quore & Asociados,Neuquén,0299 655-0859,No disponible,No disponible,"5,0 estrellas 57 reseñas"
GUALTIERI Inmobiliaria,Neuquén,0299 324-4325,No disponible,No disponible,"3,5 estrellas 30 reseñas"
RAÍZ propiedades,Neuquén,0299 15-412-6525,No disponible,No disponible,"5,0 estrellas 11 reseñas"
Tizado Neuquén,Neuquén,0299 15-626-5006,No disponible,No disponible,"4,7 estrellas 20 reseñas"
VIÑUELA & FERRACIOLI,Neuquén,0299 448-9340,No disponible,No disponible,"4,1 estrellas 42 reseñas"
Inmobiliaria Arpajou,Neuquén,0299 429-1485,No disponible,No disponible,"4,1 estrellas 50 reseñas"
Paz Propiedades & Asoc.,Neuquén,0299 632-5950,No disponible,No disponible,"4,4 estrellas 54 reseñas"
REMAX Sinergia,Neuquén,0299 482-3825,No disponible,No disponible,"4,4 estrellas 87 reseñas"
UNNIQUE PROPIEDADES,Neuquén,0299 465-1000,No disponible,No disponible,"4,4 estrellas 22 reseñas"
Profili Real Estate - Neuquen Capital,Neuquén,0299 452-5276,No disponible,No disponible,"3,8 estrellas 46 reseñas"
RE/MAX Oportunidades,Neuquén,0299 442-3537,No disponible,No disponible,"4,1 estrellas 78 reseñas"
Fabal Organización Inmobiliaria,Neuquén,0299 442-5143,No disponible,No disponible,"3,8 estrellas 38 reseñas"
La Pausa - Loteo y Barrio Privado en Cipolletti,Neuquén,0299 513-3023,No disponible,No disponible,Sin rating
Aspa Desarrollos Patagonia,Neuquén,0810-666-6277,No disponible,No disponible,Sin rating
Rubi Servicio inmobiliario,Neuquén,0299 542-5872,No disponible,No disponible,"4,5 estrellas 39 reseñas"
PATRICIA CABRERA NEGOCIOS INMOBILIARIOS,Neuquén,0299 442-4547,No disponible,No disponible,"4,5 estrellas 99 reseñas"
PURA Inmobiliaria,Neuquén,0299 405-7898,No disponible,No disponible,"3,6 estrellas 25 reseñas"
Terrazas inmobiliaria,Neuquén,0299 421-7005,No disponible,No disponible,"4,5 estrellas 11 reseñas"
Landriani Blenkmann,Neuquén,0299 443-5933,No disponible,No disponible,"3,4 estrellas 62 reseñas"
Inmobiliaria Hernández Hnos.,Neuquén,0299 443-0382,No disponible,No disponible,"4,6 estrellas 27 reseñas"
Profili Real Estate - Neuquen Capital,Neuquén,0299 452-5276,No disponible,No disponible,"3,8 estrellas 46 reseñas"
AIBA Inmobiliaria,Neuquén,"""Excelente atención de la Martillera Ailen, recomendable al 100%""",No disponible,No disponible,"5,0 estrellas 16 reseñas"
Inmobiliaria Sigma Servicios Inmobiliarios,Neuquén,0299 438-1818,No disponible,No disponible,"4,4 estrellas 25 reseñas"
Quore & Asociados,Neuquén,0299 655-0859,No disponible,No disponible,"5,0 estrellas 57 reseñas"
GUALTIERI Inmobiliaria,Neuquén,0299 324-4325,No disponible,No disponible,"3,5 estrellas 30 reseñas"
Líder PROPIEDADES,Neuquén,0299 402-7510,No disponible,No disponible,"3,7 estrellas 33 reseñas"
Figueroa Inmobiliaria,Neuquén,0299 443-0173,No disponible,No disponible,"4,6 estrellas 16 reseñas"
Marchant INMOBILIARIA,Neuquén,0299 583-2505,No disponible,No disponible,"4,3 estrellas 24 reseñas"
Inmobiliaria D'Abramo,Neuquén,0299 596-2548,No disponible,No disponible,"3,2 estrellas 29 reseñas"
UNNIQUE PROPIEDADES,Neuquén,0299 465-1000,No disponible,No disponible,"4,4 estrellas 22 reseñas"
Inmobiliaria Marcelo G. Viñas,Neuquén,0299 448-9480,No disponible,No disponible,"4,4 estrellas 19 reseñas"
ROOS PROPIEDADES,Neuquén,0299 443-1206,No disponible,No disponible,"3,7 estrellas 31 reseñas"
Inmobiliaria - Erica Salazar Gestiones Inmobiliarias,Neuquén,0299 15-455-2824,No disponible,No disponible,"4,9 estrellas 44 reseñas"
RAÍZ propiedades,Neuquén,0299 15-412-6525,No disponible,No disponible,"5,0 estrellas 11 reseñas"
La Pausa - Loteo y Barrio Privado en Cipolletti,Neuquén,0299 513-3023,No disponible,No disponible,Sin rating
Aspa Desarrollos Patagonia,Neuquén,0810-666-6277,No disponible,No disponible,Sin rating
Inmobiliaria Focaccia,Neuquén,0299 443-4171,No disponible,No disponible,"4,3 estrellas 9 reseñas"
Pizarro Inmobiliaria.,Neuquén,0299 577-0757,No disponible,No disponible,"4,3 estrellas 12 reseñas"
Alquiler Temporario Neuquen,Neuquén,0299 15-535-6128,No disponible,No disponible,"4,7 estrellas 302 reseñas"
ALCANZAR INMOBILIARIA,Neuquén,0299 624-5076,No disponible,No disponible,"3,9 estrellas 15 reseñas"
Garcia inmobiliaria,Neuquén,0299 448-0206,No disponible,No disponible,"3,3 estrellas 9 reseñas"
Inmobiliaria De La Via.,Neuquén,0299 413-0919,No disponible,No disponible,"4,8 estrellas 5 reseñas"
HABITAR Propiedades,San Juan,"oeste) Alto del Bono Shopping, Av. José Ignacio de la Roza Oeste 1946 Local 62, J5400 San Juan",0264 426-3003 ,http://www.habitarpropiedades.com.ar/,"3,9 estrellas 85 reseñas"
Estudio 3 Inmobiliaria,San Juan,0264 427-3535,No disponible,No disponible,"3,9 estrellas 106 reseñas"
Inmobiliaria Perez Olivera Propiedades,San Juan,0264 421-1474,No disponible,No disponible,"4,2 estrellas 70 reseñas"
Bermudez Moya Gestion Inmobiliaria San Juan,San Juan,0264 581-3030,No disponible,No disponible,"4,9 estrellas 44 reseñas"
Inmobiliaria Josefina Pantano,San Juan,0264 459-5080,No disponible,No disponible,"4,4 estrellas 17 reseñas"
Cristina Luluaga Propiedades,San Juan,0264 420-3575,No disponible,No disponible,"3,7 estrellas 13 reseñas"
Alessio Propiedades,San Juan,0264 499-8242,No disponible,No disponible,"4,7 estrellas 52 reseñas"
Inmobiliaria Natalia Mulet,San Juan,0264 427-3299,No disponible,No disponible,"3,6 estrellas 27 reseñas"
RODRIGUEZ GUALDA,San Juan,0264 510-2031,No disponible,No disponible,"4,5 estrellas 15 reseñas"
Claudia Martín Bienes Raíces,San Juan,0264 566-6627,No disponible,No disponible,"4,7 estrellas 114 reseñas"
DE Asesores Inmobiliarios,San Juan,0264 441-0005,No disponible,No disponible,"3,8 estrellas 5 reseñas"
Bolsa De Comercio De San Juan S.A.,San Juan,0264 429-1999,No disponible,No disponible,"3,6 estrellas 14 reseñas"
Ivan Orozco Inmobiliaria,San Juan,0264 622-1000,No disponible,No disponible,"4,5 estrellas 30 reseñas"
Inmobiliaria Adarvez Manzini,San Juan,0264 512-3454,No disponible,No disponible,"4,7 estrellas 6 reseñas"
Inmobiliaria Tulum,San Juan,0264 420-0831,No disponible,No disponible,"4,1 estrellas 63 reseñas"
BUSSO Propiedades,San Juan,0264 543-2298,No disponible,No disponible,"3,2 estrellas 26 reseñas"
INMOBILIARIA RETA - MARTILLEROS,San Juan,0264 423-3129,No disponible,No disponible,"4,3 estrellas 39 reseñas"
RE/MAX CUYANA,San Juan,0264 530-0703,No disponible,No disponible,"4,3 estrellas 66 reseñas"
David Marquez Propiedades,San Juan,0264 475-9001,No disponible,No disponible,"4,3 estrellas 23 reseñas"
Inmobiliaria Rivadavia,San Juan,0264 423-7040,No disponible,No disponible,"4,5 estrellas 11 reseñas"
InmoG - Estudio Jurídico Inmobiliario,San Juan,0264 519-7043,No disponible,No disponible,"5,0 estrellas 20 reseñas"
Rubén Moreno Propiedades,San Juan,0264 498-8553,No disponible,No disponible,"5,0 estrellas 1 reseñas"
Bolsa De Comercio De San Juan S.A.,San Juan,0264 429-1999,No disponible,No disponible,"3,6 estrellas 14 reseñas"
MP INMOBILIARIA,San Juan,0264 514-9678,No disponible,No disponible,"3,0 estrellas 2 reseñas"
Esteban Costela propiedades,San Juan,0264 459-5997,No disponible,No disponible,"4,6 estrellas 9 reseñas"
Inmobiliaria Turell Propiedades,San Juan,0264 15-436-6526,No disponible,No disponible,"4,5 estrellas 11 reseñas"
Inmobiliaria Arustiza,San Juan,0264 502-5020,No disponible,No disponible,"4,8 estrellas 6 reseñas"
Garcia Pareja Inmobiliaria,San Juan,0264 421-3363,No disponible,No disponible,"4,1 estrellas 22 reseñas"
Marcos Coll Inmobiliaria,San Juan,0264 422-2265,No disponible,No disponible,"4,1 estrellas 8 reseñas"
Fernandez Giuliani & Asociados Propiedades,San Juan,0264 488-1120,No disponible,No disponible,"4,8 estrellas 17 reseñas"
Soler & Asociados,San Juan,0264 15-583-6023,No disponible,No disponible,"4,7 estrellas 13 reseñas"
San Juan Inmuebles,San Juan,0264 411-8471,No disponible,No disponible,"4,4 estrellas 13 reseñas"
Inmobiliaria Staff de Negocios Inmobiliarios,San Juan,"""Buena atención.. 100x100% recomendado""",No disponible,No disponible,"3,9 estrellas 34 reseñas"
Inmobiliaria Martin Olivera Propiedades,San Juan,0264 439-2553,No disponible,No disponible,"5,0 estrellas 4 reseñas"
Grupo DB - Corredores Inmobiliarios,San Juan,0264 570-2451,No disponible,No disponible,"4,1 estrellas 14 reseñas"
Ahun Propiedades,San Juan,0264 15-444-3801,No disponible,No disponible,"5,0 estrellas 5 reseñas"
DM GESTION INMOBILIARIA,San Juan,0264 513-0508,No disponible,No disponible,"4,5 estrellas 2 reseñas"
Inmobiliaria Ginestar Avelin & Asoc.,San Juan,0264 671-2002,No disponible,No disponible,"4,2 estrellas 9 reseñas"
Consorcio María Auxiliadora,San Juan,J. M. de Pueyrredón Sur 915 Sur,No disponible,No disponible,"4,7 estrellas 102 reseñas"
Figueroa Inmobiliaria,San Juan,0264 421-4404,No disponible,No disponible,"4,8 estrellas 5 reseñas"
Gonzalez Torres Abunassar Inmobiliaria,San Juan,0264 484-1712,No disponible,No disponible,Sin rating
Daniel Moya Propiedades,San Juan,0264 505-7675,No disponible,No disponible,"5,0 estrellas 1 reseñas"
David Marquez Propiedades,San Juan,0264 475-9001,No disponible,No disponible,"4,3 estrellas 23 reseñas"
Victoria Zeballos Inmobiliaria,San Juan,0264 542-4215,No disponible,No disponible,Sin rating
Garcia Madueño Inmobiliaria,San Juan,0264 423-1719,No disponible,No disponible,"5,0 estrellas 5 reseñas"
Miguel Herrero Propiedades,San Juan,B. Rivadavia Oeste 470,No disponible,No disponible,"3,8 estrellas 4 reseñas"
Alka Bienes Raices,San Juan,0264 422-9801,No disponible,No disponible,"2,7 estrellas 24 reseñas"
Gutierrez Propiedades,San Juan,0264 15-567-8060,No disponible,No disponible,"5,0 estrellas 1 reseñas"
Inmobiliaria Alejandra Olivares,San Juan,0264 661-8855,No disponible,No disponible,"5,0 estrellas 1 reseñas"
Contacto Inmobiliario,San Juan,0264 421-0841,No disponible,No disponible,"1,0 estrellas 1 reseñas"
FONTANA PROPIEDADES,San Luis,"FONTANA PROPIEDADES, San Martín Nº1064, D5700BQV San Luis",0266 442-4246 ,http://www.fontanapropiedades.net/,"3,9 estrellas 67 reseñas"
Inmobiliaria Quiroga,San Luis,0266 442-9968,No disponible,No disponible,"3,8 estrellas 69 reseñas"
Inmobiliaria San Luis Propiedades,San Luis,0266 430-9388,No disponible,No disponible,"4,2 estrellas 15 reseñas"
Organización Global - División Inmobiliaria,San Luis,0266 443-9283,No disponible,No disponible,"4,1 estrellas 84 reseñas"
Inmobiliaria Guillermo Miranda,San Luis,0266 425-1521,No disponible,No disponible,"4,1 estrellas 85 reseñas"
Inmobiliaria A M Sombra y Asociados,San Luis,0266 444-1926,No disponible,No disponible,"4,1 estrellas 57 reseñas"
D'Williams Bienes Raices,San Luis,0266 442-2515,No disponible,No disponible,"4,0 estrellas 50 reseñas"
Trinidad Desarrollos Inmobiliarios,San Luis,0266 444-5034,No disponible,No disponible,"4,1 estrellas 99 reseñas"
Inmobiliaria Jorge Porrini,San Luis,0266 444-4686,No disponible,No disponible,"4,4 estrellas 39 reseñas"
Inmobiliaria Olcese,San Luis,0266 15-489-6185,No disponible,No disponible,"3,7 estrellas 62 reseñas"
Habitat Home Inmobiliaria,San Luis,0266 501-8001,No disponible,No disponible,"4,0 estrellas 54 reseñas"
INMOBILIARIA CARMEN ALBORNOZ,San Luis,0266 446-5265,No disponible,No disponible,"4,5 estrellas 59 reseñas"
SAEZ FAREZ RAICES,San Luis,0266 443-3655,No disponible,No disponible,"4,1 estrellas 61 reseñas"
Inmobiliaria PropSanLuis (soluciones inmobiliarias),San Luis,0266 15-432-4538,No disponible,No disponible,"4,6 estrellas 10 reseñas"
Inmobiliaria Lafinur,San Luis,0266 15-454-3262,No disponible,No disponible,"4,7 estrellas 11 reseñas"
Caymes Villegas Inmobiliaria,San Luis,0266 431-4400,No disponible,No disponible,"4,1 estrellas 27 reseñas"
Sierras Azules Inmobiliaria,San Luis,0266 440-5875,No disponible,No disponible,"4,5 estrellas 16 reseñas"
Inmobiliaria Walter Pérez & Asociados,San Luis,0266 444-7515,No disponible,No disponible,"4,2 estrellas 52 reseñas"
Sotomayor Martilleros Público y Corredor de Comercio,San Luis,0266 461-9237,No disponible,No disponible,"4,9 estrellas 44 reseñas"
Wanzo Propiedades,San Luis,0266 436-1714,No disponible,No disponible,"3,5 estrellas 52 reseñas"
Sumar Inmobiliaria,San Luis,"""100% recomendable""",No disponible,No disponible,"4,2 estrellas 37 reseñas"
Inmobiliaria Karttem SA,San Luis,0266 442-4950,No disponible,No disponible,"3,5 estrellas 47 reseñas"
Inmobiliaria Ubikar Propiedades,San Luis,0266 465-1653,No disponible,No disponible,"5,0 estrellas 17 reseñas"
INFINITY PROPIEDADES,San Luis,0266 468-1550,No disponible,No disponible,"3,7 estrellas 3 reseñas"
Sotomayor Martilleros Público y Corredor de Comercio,San Luis,0266 461-9237,No disponible,No disponible,"4,9 estrellas 44 reseñas"
Russo Inmobiliaria,San Luis,0266 444-1886,No disponible,No disponible,"4,0 estrellas 21 reseñas"
B&R Desarrollos Inmobiliarios,San Luis,0266 457-0187,No disponible,No disponible,"4,3 estrellas 28 reseñas"
Inmobiliaria Stagnitta,San Luis,0266 442-6228,No disponible,No disponible,"4,1 estrellas 13 reseñas"
Terracity Inversiones Inmobiliarias.,San Luis,0266 492-0320,No disponible,No disponible,"5,0 estrellas 18 reseñas"
Rincón & Asociados,San Luis,0266 475-7170,No disponible,No disponible,"3,0 estrellas 14 reseñas"
Pablo Godoy Inmobiliaria,San Luis,0266 444-4686,No disponible,No disponible,"3,8 estrellas 5 reseñas"
Inmobiliaria Guerrero Propiedades,San Luis,0266 443-1836,No disponible,No disponible,"4,1 estrellas 20 reseñas"
Up Sale! Inmobiliaria,San Luis,0266 475-9752,No disponible,No disponible,"4,0 estrellas 6 reseñas"
Fá Bienes Raices,San Luis,0266 15-451-0532,No disponible,No disponible,"4,3 estrellas 10 reseñas"
CH Grupo Desarrollador | Inmobiliaria,San Luis,0266 419-9200,No disponible,No disponible,"4,7 estrellas 3 reseñas"
Victor Abadie Inmobiliaria,San Luis,0266 421-5382,No disponible,No disponible,"3,3 estrellas 15 reseñas"
Real Soluciones Inmobiliarias,San Luis,0266 529-5889,No disponible,No disponible,"5,0 estrellas 1 reseñas"
MRT Construcciones - Inmobiliaria,San Luis,0266 451-2710,No disponible,No disponible,"5,0 estrellas 6 reseñas"
M & Z Negocios Inmobiliarios,San Luis,0266 505-3479,No disponible,No disponible,"5,0 estrellas 6 reseñas"
Criterio Inmobiliaria,San Luis,0266 454-2206,No disponible,No disponible,"5,0 estrellas 5 reseñas"
Coradir Homes,San Luis,0266 464-9967,No disponible,No disponible,Sin rating
Atipi K,San Luis,0266 426-1872,No disponible,No disponible,"3,0 estrellas 20 reseñas"
Inmobiliaria Jorge Mitchell,San Luis,0266 443-9361,No disponible,No disponible,"3,6 estrellas 16 reseñas"
Martilleros Group Inmobiliaria,San Luis,0266 433-7839,No disponible,No disponible,"3,9 estrellas 8 reseñas"
Sombra Propiedades,San Luis, · Abre a las 9 a. m. del jue,No disponible,No disponible,"4,0 estrellas 4 reseñas"
Avanzar Inmobiliaria,San Luis,0266 422-4917,No disponible,No disponible,"5,0 estrellas 1 reseñas"
Estudio LK,San Luis,02477 46-4080,No disponible,No disponible,"5,0 estrellas 1 reseñas"
GPGROUP inmobiliaria,San Luis,0266 450-4772,No disponible,No disponible,"4,5 estrellas 6 reseñas"
REMAX Comienzos,San Luis,0266 502-3251,No disponible,No disponible,"4,0 estrellas 4 reseñas"
Godoy Servicios & Inversiones,San Luis,0266 454-4207,No disponible,No disponible,"5,0 estrellas 7 reseñas"
Casa Negocios Inmobiliarios,Villa María,"La Rioja 1044, X5900 Villa María, Córdoba",0353 454-8265 ,http://casainmobiliaria.com.ar/,"4,2 estrellas 46 reseñas"
Berrini Negocios Inmobiliarios,Villa María,0353 452-2842,No disponible,No disponible,"3,6 estrellas 132 reseñas"
Gustavo Chiri Madison Propiedades,Villa María,0353 657-6254,No disponible,No disponible,"4,3 estrellas 42 reseñas"
Leandro Bonoris Negocios Inmobiliarios,Villa María,0353 452-6179,No disponible,No disponible,"4,4 estrellas 40 reseñas"
Matías Zuccón Negocios Inmobiliarios,Villa María,0353 420-9403,No disponible,No disponible,"5,0 estrellas 20 reseñas"
Suelo Argentino,Villa María, · Abre a las 9 a. m. del jue,No disponible,No disponible,"4,5 estrellas 37 reseñas"
B.M. Pedraza Operaciones Inmobiliarias,Villa María,0353 453-4720,No disponible,No disponible,"4,0 estrellas 66 reseñas"
INMOGROUP Bienes Raices,Villa María,0353 15-420-9113,No disponible,No disponible,"3,4 estrellas 71 reseñas"
Navarro & Galasso - Movimientos Inmobiliarios.,Villa María,0353 453-1060,No disponible,No disponible,"3,2 estrellas 47 reseñas"
Poblar Negocios Inmobiliarios,Villa María,0353 461-0786,No disponible,No disponible,"3,5 estrellas 64 reseñas"
Inmobiliaria Todo En Casa,Villa María,0353 15-418-6863,No disponible,No disponible,"3,1 estrellas 32 reseñas"
Inmobiliaria Invernizzi,Villa María,0353 452-1540,No disponible,No disponible,"4,5 estrellas 23 reseñas"
Nicolas Gerarduzzi - Negociacion de Bienes,Villa María,0353 427-6519,No disponible,No disponible,"5,0 estrellas 53 reseñas"
RAIZ GRUPO INMOBILIARIO,Villa María,0353 461-2539,No disponible,No disponible,"3,9 estrellas 32 reseñas"
López & López Inmobiliaria,Villa María, · Jujuy 692,No disponible,No disponible,"5,0 estrellas 6 reseñas"
Organización Martínez Inmobiliaria,Villa María,0353 15-508-5782,No disponible,No disponible,"5,0 estrellas 1 reseñas"
BOSSA BIENES RAICES,Villa María,0353 453-7306,No disponible,No disponible,"5,0 estrellas 1 reseñas"
Inmobiliaria PAMPA,Villa María,0353 15-657-0355,No disponible,No disponible,"4,5 estrellas 26 reseñas"
INMOBILIARIA M.E.FERRIERES,Villa María,0353 401-7397,No disponible,No disponible,"4,7 estrellas 14 reseñas"
Costa Propiedades - Villa Maria,Villa María,0353 425-3230,No disponible,No disponible,"4,6 estrellas 9 reseñas"
Organización Martínez Inmobiliaria,Villa María,0353 15-508-5782,No disponible,No disponible,"5,0 estrellas 1 reseñas"
Costa Propiedades - Villa Maria,Villa María,0353 425-3230,No disponible,No disponible,"4,6 estrellas 9 reseñas"
Giaquinta Propiedades,Villa María,0353 452-6312,No disponible,No disponible,"4,7 estrellas 15 reseñas"
CONYCOR - Estudio Contable e Inmobiliaria,Villa María,"""Excelente atención y seriedad, 100 por 100 recomendable...""",No disponible,No disponible,"4,3 estrellas 34 reseñas"
Inmobiliaria ArgüelloyAsoc.,Villa María,0353 421-4303,No disponible,No disponible,"4,5 estrellas 16 reseñas"
MB Negocios Inmobiliarios,Villa María,0353 461-5560,No disponible,No disponible,"4,0 estrellas 23 reseñas"
Broggi Gestiones Inmobiliarias,Villa María,0353 406-3938,No disponible,No disponible,"5,0 estrellas 1 reseñas"
Inmobiliaria Consultora Di Iorio,Villa María,0353 657-7564,No disponible,No disponible,"4,2 estrellas 11 reseñas"
Grupo Fonte,Villa María,0353 423-1068,No disponible,No disponible,"4,4 estrellas 11 reseñas"
Inmobiliaria Custo,Villa María,0353 452-6296,No disponible,No disponible,"4,9 estrellas 7 reseñas"
AYRES - NEGOCIOS INMOBILIARIOS,Villa María,0351 15-563-7997,No disponible,No disponible,"5,0 estrellas 1 reseñas"
Índice Verde inmobiliaria rural,Villa María,0353 421-9824,No disponible,No disponible,"4,5 estrellas 2 reseñas"
Inmobiliaria Videla Group,Villa María,0353 15-477-4183,No disponible,No disponible,"4,0 estrellas 10 reseñas"
Casas en venta Villa Maria,Villa María,0353 412-0112,No disponible,No disponible,"4,7 estrellas 3 reseñas"
Inmobiliaria Martin Petinarolli,Villa María,0353 452-8800,No disponible,No disponible,"4,8 estrellas 5 reseñas"
Carina Marassa Negocios Inmobiliarios,Villa María,0353 408-5600,No disponible,No disponible,"5,0 estrellas 3 reseñas"
Sol Bienes Raices,Villa María,0353 15-412-5339,No disponible,No disponible,"5,0 estrellas 7 reseñas"
López & Martinotti,Villa María,0353 424-1227,No disponible,No disponible,"5,0 estrellas 3 reseñas"
Propieta negocios inmobiliarios,Villa María,0353 427-7141,No disponible,No disponible,"5,0 estrellas 8 reseñas"
Inmobiliaria Rüedi,Villa María,0353 563-5265,No disponible,No disponible,"4,5 estrellas 2 reseñas"
María del Valle Bazán Abrate,Villa María,0353 569-3332,No disponible,No disponible,"5,0 estrellas 2 reseñas"
Movimiento Inmobiliario,Villa María,0353 15-425-1467,No disponible,No disponible,"5,0 estrellas 1 reseñas"
F. Saires Servicios Inmobiliarios,Villa María,0353 508-3326,No disponible,No disponible,"4,4 estrellas 7 reseñas"
Departamentos en alquiler Villa Maria,Villa María,0351 253-4531,No disponible,No disponible,Sin rating
Careri Hnos,Villa María,0353 424-6899,No disponible,No disponible,"5,0 estrellas 2 reseñas"
Departamentos Villa María,Villa María,0351 488-1021,No disponible,No disponible,"4,4 estrellas 71 reseñas"
Oliva Servicios Inmobiliarios,Villa María, · Abre a las 10 a. m. del jue,No disponible,No disponible,"5,0 estrellas 2 reseñas"
Divicor Inmobiliaria,Villa María,0353 461-3555,No disponible,No disponible,"2,6 estrellas 14 reseñas"
DARIO ALBERTO - Bienes Raices-,Villa María,0353 15-657-9325,No disponible,No disponible,"5,0 estrellas 5 reseñas"
Red Urbana,Villa María,0353 510-3793,No disponible,No disponible,"4,2 estrellas 5 reseñas"
Inés Lapegüe Inmobiliaria Río Cuarto,Río Cuarto,"Fotheringham 193, X5800 Río Cuarto, Córdoba",0358 423-6135 ,https://ineslapegueinmobiliaria.wordpress.com/,"4,7 estrellas 69 reseñas"
Inmobiliaria Emateguy - Lerda,Río Cuarto,0358 436-5239,No disponible,No disponible,"4,9 estrellas 153 reseñas"
CARASSO Inmobiliaria,Río Cuarto,0358 15-486-5032,No disponible,No disponible,"5,0 estrellas 84 reseñas"
Palmares del Lago,Río Cuarto,0358 462-2298,No disponible,No disponible,"4,5 estrellas 61 reseñas"
Inmobiliaria Gariboldi,Río Cuarto,0358 15-507-2712,No disponible,No disponible,"4,8 estrellas 66 reseñas"
Inmobiliaria Ramello,Río Cuarto,0358 602-5349,No disponible,No disponible,"4,3 estrellas 35 reseñas"
Inmobiliaria Plaza Balduino Gonzalez Nieri,Río Cuarto,0358 420-0104,No disponible,No disponible,"4,0 estrellas 41 reseñas"
AF Bienes Raices,Río Cuarto,0358 431-7014,No disponible,No disponible,"4,8 estrellas 41 reseñas"
Dealta Imobiliaria,Río Cuarto,0358 15-435-6325,No disponible,No disponible,"4,2 estrellas 41 reseñas"
Amvito Inmobiliario,Río Cuarto,0358 15-513-7670,No disponible,No disponible,"4,1 estrellas 53 reseñas"
Inmobiliaria Somare frelli,Río Cuarto,0358 437-6678,No disponible,No disponible,"4,9 estrellas 53 reseñas"
Inmobiliaria Garombo,Río Cuarto,0358 15-602-4729,No disponible,No disponible,"4,2 estrellas 26 reseñas"
Verdolini - Operaciones Inmobiliarias,Río Cuarto,0358 462-2220,No disponible,No disponible,"3,7 estrellas 115 reseñas"
Feliciani & Rosas Servicios Inmobiliarios,Río Cuarto,0358 15-439-3008,No disponible,No disponible,"4,7 estrellas 20 reseñas"
Melappioni & Asoc. Inmobiliaria - Estudio juridico,Río Cuarto,0358 424-7914,No disponible,No disponible,"4,8 estrellas 19 reseñas"
Inmobiliaria Lugis,Río Cuarto,0358 464-8412,No disponible,No disponible,"4,6 estrellas 13 reseñas"
Insiemme Profesionales,Río Cuarto,0358 462-1656,No disponible,No disponible,"4,9 estrellas 34 reseñas"
Alvarez Abella Inmobiliaria,Río Cuarto,0358 507-9855,No disponible,No disponible,"3,4 estrellas 29 reseñas"
Ingeniero Yacono,Río Cuarto,0358 462-5851,No disponible,No disponible,"3,8 estrellas 95 reseñas"
Sigma Inmobiliaria,Río Cuarto,0358 402-7943,No disponible,No disponible,"4,6 estrellas 14 reseñas"
Inmobiliaria la Estancia,Río Cuarto,0358 464-4675,No disponible,No disponible,"4,1 estrellas 15 reseñas"
Inmobiliaria Motta,Río Cuarto,0358 484-2255,No disponible,No disponible,"3,7 estrellas 3 reseñas"
Grupo Generar Soluc. Inmob.,Río Cuarto,0358 412-0250,No disponible,No disponible,"4,2 estrellas 22 reseñas"
Inmobiliaria Oeste,Río Cuarto,0358 15-418-2309,No disponible,No disponible,"4,7 estrellas 3 reseñas"
Graciela Pajaro Inmobiliaria,Río Cuarto,0358 462-7770,No disponible,No disponible,"4,5 estrellas 11 reseñas"
Inmobiliaria americana,Río Cuarto,0358 15-506-0310,No disponible,No disponible,"4,6 estrellas 20 reseñas"
Graciela Bravo Servicios Inmobiliarios,Río Cuarto,0358 470-2456,No disponible,No disponible,"4,4 estrellas 19 reseñas"
Inmobiliaria Toledo,Río Cuarto,0358 430-4222,No disponible,No disponible,"5,0 estrellas 4 reseñas"
Inmobiliaria Lugis,Río Cuarto,0358 464-8412,No disponible,No disponible,"4,6 estrellas 13 reseñas"
Inmobiliaria Bustos & Asoc.,Río Cuarto,0358 418-4274,No disponible,No disponible,"5,0 estrellas 13 reseñas"
AZ NEGOCIOS INMOBILIARIOS,Río Cuarto,0358 463-0447,No disponible,No disponible,"4,8 estrellas 24 reseñas"
Ofertas Urbanas propiedades,Río Cuarto,0358 484-5992,No disponible,No disponible,"4,9 estrellas 10 reseñas"
Inmobiliaria Migueltorena,Río Cuarto,Ituzaingó 971,No disponible,No disponible,"4,9 estrellas 11 reseñas"
Los Caciques,Río Cuarto,0358 434-6557,No disponible,No disponible,"4,5 estrellas 18 reseñas"
Inmobiliaria Quattrini,Río Cuarto,0358 463-2805,No disponible,No disponible,"3,4 estrellas 14 reseñas"
Rio cuarto home,Río Cuarto,0358 654-1658,No disponible,No disponible,"5,0 estrellas 4 reseñas"
Inmobiliaria Ottonelli Grupo Inmobiliario,Río Cuarto,0358 462-6109,No disponible,No disponible,"3,0 estrellas 2 reseñas"
Inmobiliaria Continental,Río Cuarto,0358 462-6854,No disponible,No disponible,"3,0 estrellas 49 reseñas"
Inmobiliaria Verstraete,Río Cuarto,0358 462-6268,No disponible,No disponible,"4,4 estrellas 10 reseñas"
Enrique Nadal,Río Cuarto,0358 463-4994,No disponible,No disponible,"4,8 estrellas 13 reseñas"
Inmobiliaria Alfonso,Río Cuarto,0358 463-1528,No disponible,No disponible,"4,4 estrellas 5 reseñas"
Grupo Inmobiliario Daiana Czupryk,Río Cuarto,"""100 % recomendables.""",No disponible,No disponible,"4,1 estrellas 18 reseñas"
Inmobiliaria Maria Ronchi,Río Cuarto,0358 15-424-0697,No disponible,No disponible,"3,8 estrellas 25 reseñas"
E&L Etulain,Río Cuarto,0358 428-5698,No disponible,No disponible,"3,2 estrellas 20 reseñas"
Impulso Inmobiliaria,Río Cuarto,0358 418-6852,No disponible,No disponible,"5,0 estrellas 1 reseñas"
Rio Cuarto Rent Apart,Río Cuarto,0358 15-602-6667,No disponible,No disponible,"4,2 estrellas 61 reseñas"
Inmobiliaria Marcela V. Lucero,Río Cuarto,0358 424-2890,No disponible,No disponible,"5,0 estrellas 9 reseñas"
Silvia Alvares,Río Cuarto,0358 487-0218,No disponible,No disponible,"4,8 estrellas 10 reseñas"
COBROKER NEGOCIOS INMOBILIARIOS,Río Cuarto, · Abre a las 9 a. m. del jue,No disponible,No disponible,"5,0 estrellas 6 reseñas"
Diego Gutierrez INMOBILIARIA,Río Cuarto,0358 15-490-1912,No disponible,No disponible,"4,9 estrellas 8 reseñas"
Casa Propia Parana inmobiliaria,Paraná,"Gral Justo José de Urquiza 1364, E3100 Paraná, Entre Ríos",0343 622-2322 ,https://casapropiaparana.com.ar/,"4,3 estrellas 132 reseñas"
Inmobiliaria Caramagna,Paraná,0343 431-2603,No disponible,No disponible,"4,1 estrellas 109 reseñas"
Florencio Bogado Negocios Inmobiliarios,Paraná,"""Excelente atención, me asesoraron muy bien, 100% confiable!""",No disponible,No disponible,"4,2 estrellas 42 reseñas"
Hojman Negocios Inmobiliarios,Paraná,0343 422-0227,No disponible,No disponible,"4,3 estrellas 81 reseñas"
Inmobiliaria Paraná - Lorenzon,Paraná,0343 422-2241,No disponible,No disponible,"4,0 estrellas 42 reseñas"
La Tène Inmobiliaria,Paraná,0343 508-7339,No disponible,No disponible,"4,1 estrellas 30 reseñas"
Inmobiliaria del Parque,Paraná,"""Horario de atención hasta las 13hs""",No disponible,No disponible,"3,9 estrellas 43 reseñas"
Buscema Inmobiliaria,Paraná,"""Recomendable 100%""",No disponible,No disponible,"4,9 estrellas 11 reseñas"
Guerrero Inmobiliaria,Paraná,0343 472-6594,No disponible,No disponible,"5,0 estrellas 14 reseñas"
Osides Mayor Inmobiliaria,Paraná,0343 510-0402,No disponible,No disponible,"3,9 estrellas 48 reseñas"
Inmobiliaria JC Bustamante,Paraná,0343 15-471-5339,No disponible,No disponible,"3,9 estrellas 18 reseñas"
Benvenuto & Zanni S.R.L,Paraná,0343 431-5415,No disponible,No disponible,"3,8 estrellas 53 reseñas"
MEGA INMOBILIARIA,Paraná,0343 508-7586,No disponible,No disponible,"3,5 estrellas 63 reseñas"
Bayer Inmobiliaria,Paraná,0343 523-3715,No disponible,No disponible,"5,0 estrellas 11 reseñas"
Inmobiliaria Heffele,Paraná,0343 447-0264,No disponible,No disponible,"4,5 estrellas 19 reseñas"
Inmobiliaria Bessa,Paraná,0343 473-6208,No disponible,No disponible,"4,1 estrellas 27 reseñas"
León Inmobiliaria,Paraná,0343 622-6619,No disponible,No disponible,"4,8 estrellas 4 reseñas"
Inmobiliaria Klocker,Paraná,0343 432-7300,No disponible,No disponible,"4,0 estrellas 29 reseñas"
Calabrese García Estudio Inmobiliario,Paraná,0343 15-474-4037,No disponible,No disponible,"5,0 estrellas 5 reseñas"
Lucas Rios Inmobiliaria,Paraná,0343 447-7196,No disponible,No disponible,"4,9 estrellas 13 reseñas"
Alquileres departamentos Gaudium,Paraná,03493 41-0999,No disponible,No disponible,"4,9 estrellas 29 reseñas"
Inmobiliaria Bessa,Paraná,0343 473-6208,No disponible,No disponible,"4,1 estrellas 27 reseñas"
Benvenuto & Zanni S.R.L,Paraná,0343 431-5415,No disponible,No disponible,"3,8 estrellas 53 reseñas"
León Inmobiliaria,Paraná,0343 622-6619,No disponible,No disponible,"4,8 estrellas 4 reseñas"
Gabriel Armandola Inmobiliaria,Paraná,0343 434-3770,No disponible,No disponible,"3,8 estrellas 59 reseñas"
Inmobiliaria Macbeth,Paraná,0343 423-0236,No disponible,No disponible,"3,4 estrellas 28 reseñas"
Inmobiliaria Stilo,Paraná,0343 532-2625,No disponible,No disponible,"4,8 estrellas 9 reseñas"
Calabrese García Estudio Inmobiliario,Paraná,0343 15-474-4037,No disponible,No disponible,"5,0 estrellas 5 reseñas"
Inmobiliaria Ombu,Paraná,0343 431-7679,No disponible,No disponible,"3,9 estrellas 17 reseñas"
CH inmobiliaria,Paraná,0343 572-0249,No disponible,No disponible,"4,6 estrellas 21 reseñas"
Lucas Rios Inmobiliaria,Paraná,0343 447-7196,No disponible,No disponible,"4,9 estrellas 13 reseñas"
Campa Inmobiliaria,Paraná,0343 15-415-5693,No disponible,No disponible,"4,3 estrellas 10 reseñas"
Eduardo Rodriguez Negocios Inmobiliarios,Paraná,0343 431-4603,No disponible,No disponible,"4,1 estrellas 14 reseñas"
Inmobiliaria Mansilla,Paraná,0343 513-7011,No disponible,No disponible,"3,9 estrellas 11 reseñas"
Pilar Inmobiliaria,Paraná,0343 421-8938,No disponible,No disponible,"4,2 estrellas 12 reseñas"
Inmobiliaria Herrera,Paraná,0343 431-0836,No disponible,No disponible,"4,0 estrellas 10 reseñas"
Inmobiliaria Klocker,Paraná,0343 432-7300,No disponible,No disponible,"4,0 estrellas 29 reseñas"
Inmobiliaria Ballesteros & Asociados,Paraná,0343 544-2719,No disponible,No disponible,"4,4 estrellas 10 reseñas"
INMOBILIARIA MARQUESIN Y ASOCIADOS.COM.AR,Paraná,0343 425-5709,No disponible,No disponible,"4,1 estrellas 14 reseñas"
Inmobiliaria Tacuaras,Paraná,"""100% recomendado para sus próximas inversiones""",No disponible,No disponible,"3,7 estrellas 34 reseñas"
Estudio Jurídico Inmobiliario Oleinizak,Paraná,0343 423-1026,No disponible,No disponible,"4,8 estrellas 12 reseñas"
Alquileres departamentos Gaudium,Paraná,03493 41-0999,No disponible,No disponible,"4,9 estrellas 29 reseñas"
Loquet Inmobiliaria,Paraná,0342 421-9767,No disponible,No disponible,"4,9 estrellas 82 reseñas"
MARTIRANIA INMOBILIARIA,Paraná,0343 417-2477,No disponible,No disponible,"4,7 estrellas 3 reseñas"
Tomás Ruiz Inmobiliaria,Paraná,0343 431-0330,No disponible,No disponible,"4,2 estrellas 18 reseñas"
ALEM Inmobiliaria,Paraná,0343 433-0201,No disponible,No disponible,"5,0 estrellas 12 reseñas"
OCTOGONO NEG. INMOBILIARIOS,Paraná,0343 422-8428,No disponible,No disponible,"4,1 estrellas 21 reseñas"
NEGOCIOS INMOBILIARIOS NICKY POLERI,Paraná,0343 15-500-7038,No disponible,No disponible,"4,5 estrellas 2 reseñas"
Quindt Servicios Inmobiliarios,Paraná,Tucumán 606,No disponible,No disponible,"4,2 estrellas 5 reseñas"
ARCA INMOBILIARIA,Paraná,0343 422-2343,No disponible,No disponible,"2,9 estrellas 9 reseñas"
Gaggiotti Inmobiliaria,Rafaela,"Av. Santa Fe Nº1102, S2300 Rafaela, Santa Fe",03492 50-5568 ,http://www.gaggiotti.com.ar/,"4,2 estrellas 170 reseñas"
Inmobiliaria Centro la Propiedad,Rafaela,03492 43-3292,No disponible,No disponible,"3,7 estrellas 91 reseñas"
Brega Inmobiliaria,Rafaela,03492 42-4445,No disponible,No disponible,"4,3 estrellas 95 reseñas"
CENTRO INMOBILIARIO,Rafaela,03492 42-1135,No disponible,No disponible,"3,5 estrellas 31 reseñas"
Rafaela Inmobiliaria de Norberto A Battaglino,Rafaela,03492 33-1110,No disponible,No disponible,"4,1 estrellas 68 reseñas"
Propiedades Rafaela de Adrian Perez,Rafaela,"""En lo personal me resolvió en cortísimo tiempo 3 operaciones.""",No disponible,No disponible,"4,8 estrellas 17 reseñas"
Direccion Inmobiliaria Hilario Camacho,Rafaela,03492 42-6887,No disponible,No disponible,"3,9 estrellas 56 reseñas"
RE/MAX Confianza,Rafaela,03492 50-6168,No disponible,No disponible,"4,2 estrellas 117 reseñas"
OIKOS NEGOCIOS INMOBILIARIOS,Rafaela,03492 57-9866,No disponible,No disponible,"4,7 estrellas 50 reseñas"
Trovare Inmobiliaria,Rafaela,03492 15-30-2570,No disponible,No disponible,"4,0 estrellas 43 reseñas"
Inmobiliaria-CG de Carlos Gutierrez,Rafaela,03492 50-2638,No disponible,No disponible,"4,1 estrellas 50 reseñas"
Tobke Inmobiliaria,Rafaela,03492 42-0607,No disponible,No disponible,"4,5 estrellas 27 reseñas"
Trivelli - Cremieux,Rafaela,03492 52-9500,No disponible,No disponible,"4,5 estrellas 28 reseñas"
SW Gestión Inmobiliaria | Sonia Williner,Rafaela,03492 41-3963,No disponible,No disponible,"4,8 estrellas 16 reseñas"
ODN Inmobiliaria,Rafaela,03492 56-5309,No disponible,No disponible,"4,5 estrellas 21 reseñas"
Inmobiliaria Las Heras Bienes Raices,Rafaela,03492 42-0029,No disponible,No disponible,"4,8 estrellas 16 reseñas"
Bernini Inmobiliaria,Rafaela,03492 42-0384,No disponible,No disponible,"4,1 estrellas 27 reseñas"
B+B Administracion de propiedades,Rafaela,03492 50-5092,No disponible,No disponible,"2,3 estrellas 18 reseñas"
Trigueros Inmobiliaria,Rafaela,03492 50-6835,No disponible,No disponible,"4,8 estrellas 8 reseñas"
Ab Negocios Inmobiliarios,Rafaela,03492 66-9614,No disponible,No disponible,"3,9 estrellas 19 reseñas"
Ab Negocios Inmobiliarios,Rafaela,03492 66-9614,No disponible,No disponible,"3,9 estrellas 19 reseñas"
Century 21 Bessone,Rafaela,03492 43-7107,No disponible,No disponible,"4,2 estrellas 19 reseñas"
B+B Administracion de propiedades,Rafaela,03492 50-5092,No disponible,No disponible,"2,3 estrellas 18 reseñas"
Lorenzetti Propiedades,Rafaela,03492 43-1235,No disponible,No disponible,"4,2 estrellas 26 reseñas"
Estudio Steinaker - Arquitectura y Negocios Inmobiliarios,Rafaela,03492 51-3785,No disponible,No disponible,"4,7 estrellas 11 reseñas"
MEDRAN INMOBILIARIA,Rafaela,03492 24-4942,No disponible,No disponible,"5,0 estrellas 2 reseñas"
Manero Estudio - ION S.A.,Rafaela,03492 37-3333,No disponible,No disponible,"4,5 estrellas 18 reseñas"
Raes Evolution,Rafaela,03492 65-0300,No disponible,No disponible,"5,0 estrellas 6 reseñas"
Fontana Inmobiliaria,Rafaela,03492 42-7864,No disponible,No disponible,"3,8 estrellas 17 reseñas"
DELLASANTA INMOBILIARIA ventas y administración de inmuebles,Rafaela,03492 43-1506,No disponible,No disponible,"4,3 estrellas 4 reseñas"
Ciudad Rafaela Bienes Inmuebles,Rafaela,03492 27-5776,No disponible,No disponible,"5,0 estrellas 2 reseñas"
Indicios Desarrollos Inmobiliarios,Rafaela,03492 52-9529,No disponible,No disponible,"5,0 estrellas 13 reseñas"
Brixar Desarrollos | Casas y departamentos en Rafaela,Rafaela,03492 58-8400,No disponible,No disponible,"5,0 estrellas 13 reseñas"
Ferrero & Perotti,Rafaela,03492 57-8474,No disponible,No disponible,"3,7 estrellas 7 reseñas"
Inmobiliaria SINERGIA,Rafaela,03492 64-4857,No disponible,No disponible,"3,8 estrellas 12 reseñas"
Walker Inmobiliaria Rafaela,Rafaela,03492 39-7028,No disponible,No disponible,"4,0 estrellas 5 reseñas"
Raices,Rafaela, · Moreno 708,No disponible,No disponible,"4,7 estrellas 10 reseñas"
Connecta Inmobiliaria,Rafaela,03492 15-32-7959,No disponible,No disponible,Sin rating
Domus Propiedades,Rafaela,03492 50-5514,No disponible,No disponible,"2,3 estrellas 3 reseñas"
La Finca Propiedades,Rafaela,03492 20-5163,No disponible,No disponible,"3,8 estrellas 6 reseñas"
Comtesse Inmobiliaria,Rafaela,03492 42-4544,No disponible,No disponible,"3,0 estrellas 8 reseñas"
Alquileres Temporarios Rafaela,Rafaela,03492 15-61-4327,No disponible,No disponible,"4,5 estrellas 91 reseñas"
Wade Inmobiliaria,Rafaela,03492 42-5867,No disponible,No disponible,"4,0 estrellas 4 reseñas"
Inmobiliaria Pomba Propiedades,Rafaela,03492 15-69-4847,No disponible,No disponible,"5,0 estrellas 4 reseñas"
Alojamiento temporario Rafaela,Rafaela, · Abre a las 12 a. m. del dom,No disponible,No disponible,"4,8 estrellas 16 reseñas"
Inmobiliaria A & R Negocios Inmobiliarios,Rafaela,03492 43-4239,No disponible,No disponible,"4,0 estrellas 4 reseñas"
Espacios Urbanos,Rafaela,03492 15-58-9002,No disponible,No disponible,"2,8 estrellas 6 reseñas"
Inversiones Inmobiliarias En Rafaela,Rafaela,03492 31-0581,No disponible,No disponible,"3,0 estrellas 1 reseñas"
GCP Negocios S.A.,Rafaela,03492 15-21-2084,No disponible,No disponible,"5,0 estrellas 24 reseñas"
B+B,Rafaela,Sarmiento 64,No disponible,No disponible,"4,0 estrellas 4 reseñas"
Daiana Domínguez Negocios Inmobiliarios,Santa Rosa,"Av. San Martín 390, L6300BPE Santa Rosa, La Pampa",02954 70-0600 ,https://www.ddnegociosinmobiliarios.com/,"4,6 estrellas 75 reseñas"
Yoffe Propiedades - Compra Venta - Alquiler,Santa Rosa,02954 38-6386,No disponible,No disponible,"4,8 estrellas 122 reseñas"
Savoia Altolaguirre Negocios Inmobiliarios,Santa Rosa,02954 15-37-3593,No disponible,No disponible,"5,0 estrellas 206 reseñas"
Moran Villa Bienes Raíces,Santa Rosa,02954 41-1412,No disponible,No disponible,"4,7 estrellas 205 reseñas"
Ciudad Negocios Inmobiliarios,Santa Rosa,02954 41-1074,No disponible,No disponible,"4,7 estrellas 29 reseñas"
Inmobiliaria Santa Rosa,Santa Rosa,02954 45-4528,No disponible,No disponible,"5,0 estrellas 10 reseñas"
Inmobiliaria Del Rio Propiedades,Santa Rosa,02954 29-3308,No disponible,No disponible,"4,4 estrellas 47 reseñas"
Pablo Emilio - Comisiones Inmobiliarias,Santa Rosa,02954 41-3413,No disponible,No disponible,"3,5 estrellas 88 reseñas"
Analia Almeida Propiedades Agro-Urbano,Santa Rosa,02954 50-0702,No disponible,No disponible,"5,0 estrellas 45 reseñas"
CLAVERO Propiedades,Santa Rosa,02954 63-2824,No disponible,No disponible,"5,0 estrellas 30 reseñas"
Inmobiliaria Mónica Emilio Bienes Raíces,Santa Rosa,02954 43-5639,No disponible,No disponible,"4,7 estrellas 35 reseñas"
Graciela Perez Estudio Inmobiliario,Santa Rosa,02954 36-3675,No disponible,No disponible,"4,8 estrellas 27 reseñas"
Inmobiliaria Rivera,Santa Rosa,02954 15-67-6504,No disponible,No disponible,"4,8 estrellas 14 reseñas"
Inmobiliaria Lasierra,Santa Rosa,02954 42-6351,No disponible,No disponible,"4,3 estrellas 10 reseñas"
Alberdi Inmobiliaria,Santa Rosa,02954 44-0515,No disponible,No disponible,"5,0 estrellas 12 reseñas"
Rodolfo Rosa Inmobiliaria,Santa Rosa,02954 44-3684,No disponible,No disponible,"4,9 estrellas 12 reseñas"
CUMO BIENES RAICES,Santa Rosa,02954 68-8667,No disponible,No disponible,"4,5 estrellas 20 reseñas"
Maria Julia Otiñano,Santa Rosa,02954 66-4564,No disponible,No disponible,"4,3 estrellas 11 reseñas"
Fernandez Propiedades,Santa Rosa,02954 51-9296,No disponible,No disponible,"4,3 estrellas 35 reseñas"
Inmobiliaria Norma Villa Negocios Inmobiliarios,Santa Rosa,02954 45-4210,No disponible,No disponible,"4,7 estrellas 10 reseñas"
Inmobiliaria Clydes,Santa Rosa,02954 43-0439,No disponible,No disponible,"4,4 estrellas 11 reseñas"
Maria Julia Otiñano,Santa Rosa,02954 66-4564,No disponible,No disponible,"4,3 estrellas 11 reseñas"
J. I. Flores Inmobiliaria,Santa Rosa,02954 15-67-8888,No disponible,No disponible,"4,7 estrellas 7 reseñas"
Torres Operaciones Inmobiliarias,Santa Rosa,02954 43-7364,No disponible,No disponible,"4,0 estrellas 23 reseñas"
CUMO BIENES RAICES,Santa Rosa,02954 68-8667,No disponible,No disponible,"4,5 estrellas 20 reseñas"
Aimetta Inmobiliaria,Santa Rosa,02954 41-8003,No disponible,No disponible,"4,3 estrellas 13 reseñas"
Inmobiliaria Lemes,Santa Rosa,02954 41-1432,No disponible,No disponible,"3,3 estrellas 22 reseñas"
Nicolas Romero Inmobiliaria,Santa Rosa,02954 58-5239,No disponible,No disponible,"5,0 estrellas 3 reseñas"
Gallego Cazaux Negocios Inmobiliarios,Santa Rosa,"""Recomendable 100 porciento.""",No disponible,No disponible,"5,0 estrellas 39 reseñas"
Ruben Heit Negocios Inmobiliarios,Santa Rosa,02954 24-2423,No disponible,No disponible,"4,9 estrellas 14 reseñas"
Inmobiliaria Gardon,Santa Rosa,02954 15-53-0400,No disponible,No disponible,"4,7 estrellas 10 reseñas"
Pampa Urbana Inmobiliaria,Santa Rosa,02954 62-2737,No disponible,No disponible,"5,0 estrellas 1 reseñas"
GH INMOBILIARIA,Santa Rosa,02954 56-2084,No disponible,No disponible,"4,4 estrellas 8 reseñas"
Alonso Servicios Inmobiliarios,Santa Rosa,02954 64-9369,No disponible,No disponible,"5,0 estrellas 1 reseñas"
Frank Bienes Raices Inmobiliaria,Santa Rosa,02954 38-9004,No disponible,No disponible,"4,5 estrellas 10 reseñas"
Marcela Mercado Operaciones Inmobiliarias,Santa Rosa,02954 52-9286,No disponible,No disponible,"4,5 estrellas 2 reseñas"
Vision Inmobiliaria,Santa Rosa,02954 29-2046,No disponible,No disponible,"4,5 estrellas 6 reseñas"
Lucas Feijoo Op Inmobiliarias,Santa Rosa,02954 41-4114,No disponible,No disponible,"4,0 estrellas 17 reseñas"
Inmobiliaria Felice,Santa Rosa,02954 41-0575,No disponible,No disponible,"5,0 estrellas 1 reseñas"
SFerrari Inmobiliaria,Santa Rosa,02954 15-61-5413,No disponible,No disponible,"3,5 estrellas 28 reseñas"
San Jorge Departamentos por dia,Santa Rosa,02954 52-1894,No disponible,No disponible,"4,4 estrellas 90 reseñas"
San Jorge Departamentos por dia,Santa Rosa,02954 52-1894,No disponible,No disponible,"4,4 estrellas 90 reseñas"
Domínguez Propiedades,Santa Rosa,02954 38-9781,No disponible,No disponible,"5,0 estrellas 3 reseñas"
GUILLERMO A BOULENAZ Bienes Raíces,Santa Rosa,02954 29-0318,No disponible,No disponible,"4,7 estrellas 13 reseñas"
Martini Soluciones Inmobiliarias,Santa Rosa,02954 15-53-8273,No disponible,No disponible,"5,0 estrellas 2 reseñas"
Díaz Negocios Inmobiliarios,Santa Rosa,02954 71-4091,No disponible,No disponible,"5,0 estrellas 6 reseñas"
Emanuel Osores Negocios Inmobiliarios,Santa Rosa,02954 15-36-5097,No disponible,No disponible,"4,8 estrellas 5 reseñas"
Negocios Inmobiliarios LORDA,Santa Rosa,02954 83-1222,No disponible,No disponible,"5,0 estrellas 7 reseñas"
BISCAYART INMOBILIARIA,Santa Rosa,02954 41-5391,No disponible,No disponible,"3,4 estrellas 13 reseñas"
Inmobiliaria Casuccio,Santa Rosa,02954 42-2096,No disponible,No disponible,"3,8 estrellas 8 reseñas"